ID,Date,Label,Latitude,Longitude,Count,Source
Soviet Ukraine,2022-3-03,Soviet Ukraine,None,None,1,cnn
Independent,2022-3-03,Independent,None,None,1,cnn
Soviet Republic,2022-3-03,Soviet Republic,None,None,1,cnn
Ser,2022-3-03,Ser,None,None,1,cnn
Stuttgart,2022-3-03,Stuttgart,None,None,1,cnn
Rd-180S,2022-3-03,Rd-180S,None,None,1,cnn
Yekaterina,2022-3-03,Yekaterina,None,None,1,cnn
Eurasia,2022-3-03,Eurasia,None,None,1,cnn
Mecca,2022-3-03,Mecca,None,None,1,cnn
Veb.Rf,2022-3-04,Veb.Rf,None,None,1,cnn
Lunan,2022-3-04,Lunan,None,None,1,cnn
Beling,2022-3-04,Beling,None,None,1,cnn
Baku,2022-3-04,Baku,None,None,1,cnn
Gymnastics,2022-3-04,Gymnastics,None,None,1,cnn
Mykolaiv Oblast,2022-3-04,Mykolaiv Oblast,None,None,1,cnn
Hawaii,2022-3-04,Hawaii,None,None,1,cnn
North And South America,2022-3-04,North And South America,None,None,1,cnn
Pa,2022-3-04,Pa,None,None,1,cnn
Bosnia,2022-3-04,Bosnia,None,None,1,cnn
Durham,2022-3-04,Durham,None,None,1,cnn
Zhora,2022-3-04,Zhora,None,None,1,cnn
Tbilisi,2022-3-04,Tbilisi,None,None,1,cnn
Yulia,2022-3-04,Yulia,None,None,1,cnn
Pandora,2022-3-04,Pandora,None,None,1,cnn
Pretoria,2022-3-05,Pretoria,None,None,1,cnn
Leeds,2022-3-05,Leeds,None,None,1,cnn
Imperia,2022-3-05,Imperia,None,None,1,cnn
San Remo,2022-3-05,San Remo,None,None,1,cnn
Arzachena,2022-3-05,Arzachena,None,None,1,cnn
Lucca,2022-3-05,Lucca,None,None,1,cnn
Cairo,2022-3-05,Cairo,None,None,1,cnn
Novopskov,2022-3-05,Novopskov,None,None,1,cnn
Kirill,2022-3-05,Kirill,None,None,1,cnn
Kiril,2022-3-05,Kiril,None,None,1,cnn
New Orleans,2022-3-05,New Orleans,None,None,1,cnn
Singh,2022-3-02,Singh,None,None,1,cnn
Cuba,2022-3-02,Cuba,None,None,1,cnn
Nicaragua,2022-3-02,Nicaragua,None,None,1,cnn
El Salvador,2022-3-02,El Salvador,None,None,2,cnn
Washington Dc,2022-3-02,Washington Dc,None,None,1,cnn
Gotland,2022-3-02,Gotland,None,None,1,cnn
Hero City,2022-3-20,Hero City,None,None,1,cnn
Krasylivka,2022-3-20,Krasylivka,None,None,1,cnn
Gratadalen,2022-3-18,Gratadalen,None,None,1,cnn
Beiarn,2022-3-18,Beiarn,None,None,1,cnn
Nordland County,2022-3-18,Nordland County,None,None,1,cnn
Malbork,2022-3-05,Malbork,None,None,2,cnn
Indar,2022-3-18,Indar,None,None,1,cnn
Pau,2022-3-18,Pau,None,None,1,cnn
Republic Of Latvia,2022-3-18,Republic Of Latvia,None,None,1,cnn
Mannina,2022-3-18,Mannina,None,None,1,cnn
Przemsyl,2022-3-18,Przemsyl,None,None,1,cnn
Butenko,2022-3-18,Butenko,None,None,1,cnn
Bordeaux,2022-3-27,Bordeaux,None,None,1,cnn
Odessa,2022-3-27,Odessa,None,None,1,cnn
A.I.,2022-3-27,A.I.,None,None,1,cnn
Bash,2022-3-27,Bash,None,None,1,cnn
Uzhhorod,2022-3-27,Uzhhorod,None,None,1,cnn
Migs,2022-3-27,Migs,None,None,1,cnn
Taly,2022-3-11,Taly,None,None,1,cnn
Mussia,2022-3-11,Mussia,None,None,1,cnn
Borodianka,2022-3-11,Borodianka,None,None,1,cnn
Mykulychi,2022-3-11,Mykulychi,None,None,1,cnn
Batochka,2022-3-11,Batochka,None,None,1,cnn
Sloviansk,2022-3-29,Sloviansk,None,None,1,cnn
Streinyk,2022-3-29,Streinyk,None,None,1,cnn
Husakiv,2022-3-29,Husakiv,None,None,1,cnn
Iii Ieee,2022-3-29,Iii Ieee,None,None,1,cnn
Vanya,2022-3-16,Vanya,None,None,1,cnn
United States',2022-3-11,United States',None,None,2,cnn
Azerbaijan,2022-3-04,Azerbaijan,None,None,2,cnn
Kyiy,2022-3-28,Kyiy,None,None,1,cnn
Bogner,2022-3-28,Bogner,None,None,1,cnn
Balakliia,2022-3-28,Balakliia,None,None,1,cnn
Malmo,2022-3-28,Malmo,None,None,1,cnn
Rouse,2022-3-28,Rouse,None,None,1,cnn
Veripaska,2022-3-17,Veripaska,None,None,1,cnn
Queensland,2022-3-17,Queensland,None,None,1,cnn
Henderson,2022-3-17,Henderson,None,None,1,cnn
May.,2022-3-17,May.,None,None,1,cnn
Pittsburgh,2022-3-17,Pittsburgh,None,None,1,cnn
Persia,2022-3-17,Persia,None,None,1,cnn
Megillah,2022-3-17,Megillah,None,None,1,cnn
Nes Harim,2022-3-17,Nes Harim,None,None,1,cnn
Vovchansk,2022-3-20,Vovchansk,None,None,2,cnn
Potand,2022-3-17,Potand,None,None,1,cnn
Arizona,2022-3-02,Arizona,None,None,2,cnn
Barabashova,2022-3-17,Barabashova,None,None,1,cnn
Ballerina,2022-3-17,Ballerina,None,None,1,cnn
St. Patrick,2022-3-17,St. Patrick,None,None,1,cnn
Germany Scholz,2022-3-17,Germany Scholz,None,None,1,cnn
San Diego,2022-3-05,San Diego,None,None,2,cnn
Novorossiysk City,2022-3-10,Novorossiysk City,None,None,1,cnn
Mali,2022-3-10,Mali,None,None,1,cnn
Cyprus,2022-3-10,Cyprus,None,None,1,cnn
Kosovo,2022-3-10,Kosovo,None,None,1,cnn
South Sudan,2022-3-10,South Sudan,None,None,1,cnn
Abyei,2022-3-10,Abyei,None,None,1,cnn
Democratic Republic Of Congo,2022-3-10,Democratic Republic Of Congo,None,None,1,cnn
Lubyanka,2022-3-10,Lubyanka,None,None,1,cnn
Lubny,2022-3-10,Lubny,None,None,1,cnn
San Ysidro,2022-3-10,San Ysidro,None,None,1,cnn
Tijuana,2022-3-10,Tijuana,None,None,1,cnn
Luke Mcgee,2022-3-20,Luke Mcgee,None,None,2,cnn
Fumio,2022-3-19,Fumio,None,None,1,cnn
Chornobayivka,2022-3-19,Chornobayivka,None,None,1,cnn
Alina Cojocaru,2022-3-19,Alina Cojocaru,None,None,1,cnn
West Virginia,2022-3-19,West Virginia,None,None,1,cnn
Kansas,2022-3-19,Kansas,None,None,1,cnn
Marci’26;,2022-3-26,Marci’26;,None,None,1,cnn
Marc,2022-3-26,Marc,None,None,1,cnn
Marivpo,2022-3-26,Marivpo,None,None,1,cnn
Chuhuiv,2022-3-28,Chuhuiv,None,None,2,cnn
Quarterly Meeting,2022-3-21,Quarterly Meeting,None,None,1,cnn
Toretsk,2022-3-21,Toretsk,None,None,1,cnn
Kamianske,2022-3-21,Kamianske,None,None,1,cnn
Images,2022-3-04,Images,None,None,3,cnn
Niinisté,2022-3-21,Niinisté,None,None,1,cnn
Ghana,2022-3-21,Ghana,None,None,1,cnn
Kenya,2022-3-21,Kenya,None,None,1,cnn
Minsk,2022-3-21,Minsk,None,None,1,cnn
Febrlary,2022-3-07,Febrlary,None,None,1,cnn
Showitg,2022-3-07,Showitg,None,None,1,cnn
Utah,2022-3-07,Utah,None,None,1,cnn
Odessa Oblast,2022-3-07,Odessa Oblast,None,None,1,cnn
Oregon,2022-3-10,Oregon,None,None,2,cnn
Idaho,2022-3-10,Idaho,None,None,2,cnn
Korosten,2022-3-07,Korosten,None,None,1,cnn
Korczowa,2022-3-05,Korczowa,None,None,2,cnn
Uzhgorod,2022-3-07,Uzhgorod,None,None,1,cnn
Spokane,2022-3-07,Spokane,None,None,1,cnn
Fort Stewart,2022-3-07,Fort Stewart,None,None,1,cnn
Fort Bragg,2022-3-07,Fort Bragg,None,None,1,cnn
North Carolina,2022-3-04,North Carolina,None,None,3,cnn
Lyon,2022-3-07,Lyon,None,None,1,cnn
Russian Ruble,2022-3-07,Russian Ruble,None,None,1,cnn
Abuja,2022-3-07,Abuja,None,None,1,cnn
Missouri,2022-3-09,Missouri,None,None,1,cnn
Stoyanka,2022-3-09,Stoyanka,None,None,1,cnn
Tatiana,2022-3-09,Tatiana,None,None,1,cnn
Khirvonina,2022-3-09,Khirvonina,None,None,1,cnn
Shashenok,2022-3-09,Shashenok,None,None,1,cnn
Rirccia,2022-3-09,Rirccia,None,None,1,cnn
Boris,2022-3-09,Boris,None,None,1,cnn
Bilohorodka,2022-3-09,Bilohorodka,None,None,1,cnn
Christiane,2022-3-03,Christiane,None,None,3,cnn
Berdiansk,2022-3-19,Berdiansk,None,None,2,cnn
Sacramento,2022-3-31,Sacramento,None,None,1,cnn
Pripyat,2022-3-31,Pripyat,None,None,1,cnn
Delhi,2022-3-31,Delhi,None,None,1,cnn
Claire,2022-3-31,Claire,None,None,1,cnn
Wirtscha,2022-3-31,Wirtscha,None,None,1,cnn
Mechanics,2022-3-31,Mechanics,None,None,1,cnn
Maine,2022-3-19,Maine,None,None,3,cnn
Edinburgh,2022-3-30,Edinburgh,None,None,1,cnn
Andrievska,2022-3-30,Andrievska,None,None,1,cnn
Marinka,2022-3-30,Marinka,None,None,1,cnn
Oleksandrivska,2022-3-30,Oleksandrivska,None,None,1,cnn
Popasna,2022-3-19,Popasna,None,None,2,cnn
Aichi,2022-3-08,Aichi,None,None,1,cnn
Houston,2022-3-04,Houston,None,None,2,cnn
Colorado,2022-3-17,Colorado,None,None,3,cnn
New Mexico,2022-3-08,New Mexico,None,None,1,cnn
Pennsylvania,2022-3-17,Pennsylvania,None,None,2,cnn
Dmytro Suiarko,2022-3-08,Dmytro Suiarko,None,None,1,cnn
Zhangjiakou,2022-3-08,Zhangjiakou,None,None,1,cnn
Kylv,2022-3-08,Kylv,None,None,1,cnn
Tie Aussial,2022-3-08,Tie Aussial,None,None,1,cnn
Immariataly,2022-3-08,Immariataly,None,None,1,cnn
Elina Svitolina,2022-3-01,Elina Svitolina,None,None,1,cnn
Monterrey,2022-3-01,Monterrey,None,None,1,cnn
Svitolina,2022-3-01,Svitolina,None,None,1,cnn
United States Of America,2022-3-18,United States Of America,None,None,2,cnn
Berkut,2022-3-01,Berkut,None,None,1,cnn
North,2022-3-01,North,None,None,1,cnn
East,2022-3-01,East,None,None,1,cnn
Borodjanka,2022-3-01,Borodjanka,None,None,1,cnn
Brasilia,2022-3-01,Brasilia,None,None,1,cnn
D.C.,2022-3-09,D.C.,None,None,2,cnn
Klain,2022-3-01,Klain,None,None,1,cnn
United States Mission,2022-3-01,United States Mission,None,None,1,cnn
Mostafa Salem,2022-3-26,Mostafa Salem,None,None,2,cnn
Sollers,2022-3-01,Sollers,None,None,1,cnn
Britai,2022-3-01,Britai,None,None,1,cnn
Kabul,2022-3-01,Kabul,None,None,1,cnn
Michigan,2022-3-08,Michigan,None,None,2,cnn
Hospital,2022-3-01,Hospital,None,None,1,cnn
Omaha,2022-3-01,Omaha,None,None,1,cnn
Nebraska,2022-3-01,Nebraska,None,None,1,cnn
Poltava City,2022-3-06,Poltava City,None,None,1,cnn
Akanksha,2022-3-06,Akanksha,None,None,1,cnn
Hong Kong,2022-3-05,Hong Kong,None,None,3,cnn
Zavorychi,2022-3-07,Zavorychi,None,None,2,cnn
Getty Images,2022-3-18,Getty Images,None,None,3,cnn
Samantha Beech,2022-3-07,Samantha Beech,None,None,2,cnn
Moldovan Airspace,2022-3-06,Moldovan Airspace,None,None,1,cnn
Toavia,2022-3-06,Toavia,None,None,1,cnn
Ukrainia,2022-3-20,Ukrainia,None,None,2,cnn
Dustpan,2022-3-06,Dustpan,None,None,1,cnn
Kalanchak,2022-3-06,Kalanchak,None,None,1,cnn
Dog City,2022-3-06,Dog City,None,None,1,cnn
Sandra,2022-3-06,Sandra,None,None,1,cnn
Russian Migs,2022-3-06,Russian Migs,None,None,1,cnn
Talinn,2022-3-06,Talinn,None,None,1,cnn
Galina,2022-3-03,Galina,None,None,2,cnn
Nevada,2022-3-17,Nevada,None,None,3,cnn
Elysée,2022-3-24,Elysée,None,None,1,cnn
Strelnyk,2022-3-29,Strelnyk,None,None,2,cnn
Kadryrov,2022-3-24,Kadryrov,None,None,1,cnn
Washington, Dc,2022-3-05,Washington, Dc,None,None,5,cnn
El Oro,2022-3-23,El Oro,None,None,1,cnn
Colombia,2022-3-23,Colombia,None,None,1,cnn
Russian Permanent Mission,2022-3-23,Russian Permanent Mission,None,None,1,cnn
District Of Columbia,2022-3-23,District Of Columbia,None,None,1,cnn
Retroville,2022-3-23,Retroville,None,None,1,cnn
Regan,2022-3-15,Regan,None,None,1,cnn
Arab Emirates,2022-3-15,Arab Emirates,None,None,1,cnn
Riyadh,2022-3-15,Riyadh,None,None,1,cnn
Komyshany,2022-3-15,Komyshany,None,None,1,cnn
Zaporizhia,2022-3-15,Zaporizhia,None,None,1,cnn
Causing,2022-3-15,Causing,None,None,1,cnn
Medvedev,2022-3-15,Medvedev,None,None,1,cnn
Virgin Mary,2022-3-15,Virgin Mary,None,None,1,cnn
Virgin Of Fatima,2022-3-15,Virgin Of Fatima,None,None,1,cnn
Babusya,2022-3-12,Babusya,None,None,1,cnn
Gdansk,2022-3-12,Gdansk,None,None,1,cnn
Mississippi,2022-3-29,Mississippi,None,None,2,cnn
Julia Kesa,2022-3-12,Julia Kesa,None,None,1,cnn
Balakovo,2022-3-12,Balakovo,None,None,1,cnn
Tehran,2022-3-12,Tehran,None,None,1,cnn
St. Peter,2022-3-15,St. Peter,None,None,2,cnn
Rossiya,2022-3-13,Rossiya,None,None,1,cnn
Ld,2022-3-13,Ld,None,None,1,cnn
Roosevelt Room,2022-3-08,Roosevelt Room,None,None,2,cnn
Moldovan,2022-3-11,Moldovan,None,None,4,cnn
Atlanta,2022-3-03,Atlanta,None,None,7,cnn
Crimean Peninsula,2022-3-06,Crimean Peninsula,None,None,2,cnn
Podoliak,2022-3-13,Podoliak,None,None,1,cnn
Kolykhaiev,2022-3-13,Kolykhaiev,None,None,1,cnn
Llicha,2022-3-13,Llicha,None,None,1,cnn
Chequers,2022-3-13,Chequers,None,None,1,cnn
Mr7,2022-3-13,Mr7,None,None,1,cnn
Angelina,2022-3-13,Angelina,None,None,1,cnn
Zaksru,2022-3-13,Zaksru,None,None,1,cnn
Okun,2022-3-13,Okun,None,None,1,cnn
Serna,2022-3-13,Serna,None,None,1,cnn
Seoul,2022-3-04,Seoul,None,None,5,cnn
Alaska,2022-3-14,Alaska,None,None,1,cnn
Russian Empire,2022-3-12,Russian Empire,None,None,2,cnn
Russian World,2022-3-14,Russian World,None,None,2,cnn
Primorskyi,2022-3-12,Primorskyi,None,None,2,cnn
Kiley,2022-3-14,Kiley,None,None,1,cnn
Tandon,2022-3-14,Tandon,None,None,1,cnn
Finan,2022-3-14,Finan,None,None,1,cnn
Taoiseach,2022-3-13,Taoiseach,None,None,2,cnn
Clarissa Ward,2022-3-10,Clarissa Ward,None,None,3,cnn
Kh-47M2 Kinzhal,2022-3-22,Kh-47M2 Kinzhal,None,None,1,cnn
Khreshchatyk,2022-3-22,Khreshchatyk,None,None,1,cnn
Hyeres,2022-3-22,Hyeres,None,None,1,cnn
Yeung,2022-3-25,Yeung,None,None,1,cnn
Mexico City,2022-3-25,Mexico City,None,None,1,cnn
Salisbury,2022-3-25,Salisbury,None,None,1,cnn
Winona,2022-3-25,Winona,None,None,1,cnn
Hyannis,2022-3-25,Hyannis,None,None,1,cnn
Massachusetts,2022-3-17,Massachusetts,None,None,3,cnn
Nadarzyn,2022-3-25,Nadarzyn,None,None,1,cnn
Rezantsez,2022-3-25,Rezantsez,None,None,1,cnn
Rzesz6W,2022-3-25,Rzesz6W,None,None,1,cnn
Baryshivka,2022-3-11,Baryshivka,None,None,2,cnn
2022,2022-3-04,2022,None,None,4,cnn
Hendaye,2022-3-25,Hendaye,None,None,1,cnn
Enerhodar,2022-3-03,Enerhodar,None,None,1,aljazeera
Arles,2022-3-03,Arles,None,None,1,aljazeera
Melbourne,2022-3-03,Melbourne,None,None,1,aljazeera
Copenhagen,2022-3-03,Copenhagen,None,None,1,aljazeera
Russian  Federation,2022-3-03,Russian  Federation,None,None,1,aljazeera
Ukraine - 04,2022-3-03,Ukraine - 04,None,None,1,aljazeera
Energodar,2022-3-03,Energodar,None,None,1,aljazeera
Denys,2022-3-03,Denys,None,None,1,aljazeera
New York City’S,2022-3-04,New York City’S,None,None,1,aljazeera
Northamptonshire,2022-3-04,Northamptonshire,None,None,1,aljazeera
Toulouse,2022-3-04,Toulouse,None,None,1,aljazeera
Ow,2022-3-04,Ow,None,None,1,aljazeera
Zahony,2022-3-04,Zahony,None,None,1,aljazeera
Kalin,2022-3-01,Kalin,None,None,2,cnn
Ukraii,2022-3-04,Ukraii,None,None,1,aljazeera
Formula,2022-3-04,Formula,None,None,1,aljazeera
Sauli,2022-3-26,Sauli,None,None,3,cnn
Irpin River,2022-3-21,Irpin River,None,None,6,cnn
St Petersburg,2022-3-25,St Petersburg,None,None,2,cnn
Zelenskyy,2022-3-05,Zelenskyy,None,None,1,aljazeera
St,2022-3-05,St,None,None,1,aljazeera
Korezowa,2022-3-05,Korezowa,None,None,1,aljazeera
Irkutsk,2022-3-05,Irkutsk,None,None,1,aljazeera
Yastremska,2022-3-05,Yastremska,None,None,1,aljazeera
Ivanna,2022-3-05,Ivanna,None,None,1,aljazeera
Plinkean,2022-3-05,Plinkean,None,None,1,aljazeera
Brest,2022-3-02,Brest,None,None,1,aljazeera
Senegal,2022-3-03,Senegal,None,None,2,aljazeera
Isaccea,2022-3-02,Isaccea,None,None,1,aljazeera
Ethiopia,2022-3-17,Ethiopia,None,None,3,cnn
Ad,2022-3-02,Ad,None,None,1,aljazeera
Nrc@,2022-3-02,Nrc@,None,None,1,aljazeera
Brunei,2022-3-02,Brunei,None,None,1,aljazeera
Cambodia,2022-3-02,Cambodia,None,None,1,aljazeera
Laos,2022-3-02,Laos,None,None,1,aljazeera
Malaysia,2022-3-02,Malaysia,None,None,1,aljazeera
Black  Sea,2022-3-02,Black  Sea,None,None,1,aljazeera
Ukraine - 03,2022-3-02,Ukraine - 03,None,None,1,aljazeera
Fyey,2022-3-02,Fyey,None,None,1,aljazeera
Tatyana,2022-3-20,Tatyana,None,None,1,aljazeera
Bodrum,2022-3-20,Bodrum,None,None,1,aljazeera
Stanychno,2022-3-20,Stanychno,None,None,1,aljazeera
Satoya,2022-3-20,Satoya,None,None,1,aljazeera
Ukraine - 20,2022-3-20,Ukraine - 20,None,None,1,aljazeera
Zaporizhzhia City,2022-3-20,Zaporizhzhia City,None,None,1,aljazeera
Bobryk,2022-3-20,Bobryk,None,None,1,aljazeera
Modi,2022-3-02,Modi,None,None,2,aljazeera
Os,2022-3-18,Os,None,None,1,aljazeera
New Delhi’S,2022-3-18,New Delhi’S,None,None,1,aljazeera
Quad,2022-3-19,Quad,None,None,2,cnn
Ssia,2022-3-18,Ssia,None,None,1,aljazeera
Netherta,2022-3-18,Netherta,None,None,1,aljazeera
Investigative,2022-3-18,Investigative,None,None,1,aljazeera
Ef,2022-3-27,Ef,None,None,1,aljazeera
Erdogan,2022-3-27,Erdogan,None,None,1,aljazeera
Bolivia,2022-3-02,Bolivia,None,None,2,cnn
Nagasaki,2022-3-27,Nagasaki,None,None,1,aljazeera
Chornobaivka,2022-3-22,Chornobaivka,None,None,2,cnn
Sibur,2022-3-27,Sibur,None,None,1,aljazeera
Hollywood,2022-3-02,Hollywood,None,None,2,cnn
Croatia,2022-3-14,Croatia,None,None,2,cnn
Florence,2022-3-11,Florence,None,None,1,aljazeera
Santa Croce,2022-3-11,Santa Croce,None,None,1,aljazeera
Peremoha,2022-3-24,Peremoha,None,None,2,cnn
Chisinau,2022-3-07,Chisinau,None,None,3,cnn
Vasylkiv,2022-3-12,Vasylkiv,None,None,3,cnn
Nobiskrug,2022-3-11,Nobiskrug,None,None,2,cnn
Ukraine - 11,2022-3-11,Ukraine - 11,None,None,1,aljazeera
Moschun,2022-3-14,Moschun,None,None,3,cnn
Korea,2022-3-27,Korea,None,None,2,cnn
Myanmar,2022-3-29,Myanmar,None,None,3,cnn
Haiti,2022-3-26,Haiti,None,None,3,cnn
Huangshan,2022-3-29,Huangshan,None,None,1,aljazeera
Tunxi,2022-3-29,Tunxi,None,None,1,aljazeera
Eu,2022-3-29,Eu,None,None,1,aljazeera
Kecatan,2022-3-29,Kecatan,None,None,1,aljazeera
Vt,2022-3-29,Vt,None,None,1,aljazeera
France Sepan|,2022-3-29,France Sepan|,None,None,1,aljazeera
Rwanda,2022-3-29,Rwanda,None,None,1,aljazeera
Bosnia Herzegovina,2022-3-29,Bosnia Herzegovina,None,None,1,aljazeera
Saint Petersburg,2022-3-02,Saint Petersburg,None,None,2,aljazeera
@Mfa_Russia,2022-3-29,@Mfa_Russia,None,None,1,aljazeera
#Zaporozhye,2022-3-29,#Zaporozhye,None,None,1,aljazeera
Birmingham,2022-3-29,Birmingham,None,None,1,aljazeera
Nkraine,2022-3-29,Nkraine,None,None,1,aljazeera
Palestine,2022-3-29,Palestine,None,None,1,aljazeera
Merefa,2022-3-16,Merefa,None,None,1,aljazeera
Thiebaut,2022-3-16,Thiebaut,None,None,1,aljazeera
Brandenburg,2022-3-16,Brandenburg,None,None,1,aljazeera
Munich,2022-3-16,Munich,None,None,1,aljazeera
Donetsk Republic,2022-3-28,Donetsk Republic,None,None,1,aljazeera
Prague,2022-3-04,Prague,None,None,4,cnn
Russian Embassy,2022-3-28,Russian Embassy,None,None,1,aljazeera
North Macedonia,2022-3-28,North Macedonia,None,None,1,aljazeera
Lichtenstein,2022-3-28,Lichtenstein,None,None,1,aljazeera
Montenegro,2022-3-28,Montenegro,None,None,1,aljazeera
St Kitts,2022-3-28,St Kitts,None,None,1,aljazeera
La,2022-3-28,La,None,None,1,aljazeera
Oman,2022-3-28,Oman,None,None,1,aljazeera
Romarstan,2022-3-28,Romarstan,None,None,1,aljazeera
Issia,2022-3-28,Issia,None,None,1,aljazeera
Baanoca,2022-3-28,Baanoca,None,None,1,aljazeera
Ukraine - 28,2022-3-28,Ukraine - 28,None,None,1,aljazeera
Kroscienko,2022-3-18,Kroscienko,None,None,2,aljazeera
Ducetan,2022-3-17,Ducetan,None,None,1,aljazeera
Elysee,2022-3-04,Elysee,None,None,7,cnn
Croydon,2022-3-17,Croydon,None,None,1,aljazeera
Albania,2022-3-24,Albania,None,None,4,cnn
Montana,2022-3-02,Montana,None,None,3,cnn
Nigeria,2022-3-21,Nigeria,None,None,4,cnn
Sudan,2022-3-17,Sudan,None,None,4,cnn
Khartoum,2022-3-17,Khartoum,None,None,1,aljazeera
Podil,2022-3-17,Podil,None,None,1,aljazeera
Scholz,2022-3-17,Scholz,None,None,1,aljazeera
Makiyivka,2022-3-17,Makiyivka,None,None,1,aljazeera
Bratislava,2022-3-17,Bratislava,None,None,1,aljazeera
Borrell,2022-3-26,Borrell,None,None,2,cnn
A United States,2022-3-17,A United States,None,None,1,aljazeera
Great Britain,2022-3-29,Great Britain,None,None,4,cnn
Eveleth,2022-3-17,Eveleth,None,None,1,aljazeera
United State,2022-3-17,United State,None,None,1,aljazeera
People’S Republic,2022-3-17,People’S Republic,None,None,1,aljazeera
Rosoboronexport,2022-3-17,Rosoboronexport,None,None,1,aljazeera
Nebenzya,2022-3-03,Nebenzya,None,None,2,aljazeera
Bishara,2022-3-17,Bishara,None,None,1,aljazeera
Vasily Nebenzya,2022-3-03,Vasily Nebenzya,None,None,2,aljazeera
Novokodatsky,2022-3-10,Novokodatsky,None,None,1,aljazeera
Roc,2022-3-10,Roc,None,None,1,aljazeera
Republic Of Belarus,2022-3-11,Republic Of Belarus,None,None,4,cnn
Transnistria,2022-3-06,Transnistria,None,None,3,cnn
Damascus,2022-3-10,Damascus,None,None,1,aljazeera
Synegubov,2022-3-10,Synegubov,None,None,1,aljazeera
Bucharest,2022-3-07,Bucharest,None,None,4,cnn
Matysia,2022-3-10,Matysia,None,None,1,aljazeera
Ozera,2022-3-10,Ozera,None,None,1,aljazeera
Oh,2022-3-19,Oh,None,None,1,aljazeera
Androulakis,2022-3-19,Androulakis,None,None,1,aljazeera
Moldavia,2022-3-19,Moldavia,None,None,1,aljazeera
Kreminna,2022-3-19,Kreminna,None,None,1,aljazeera
Blackpool,2022-3-18,Blackpool,None,None,2,aljazeera
Bern,2022-3-19,Bern,None,None,1,aljazeera
Yugoslavia,2022-3-03,Yugoslavia,None,None,2,aljazeera
Bild.De,2022-3-26,Bild.De,None,None,1,aljazeera
Rostov,2022-3-27,Rostov,None,None,2,cnn
Natqis,2022-3-26,Natqis,None,None,1,aljazeera
North And South Korea,2022-3-27,North And South Korea,None,None,3,cnn
Counting,2022-3-26,Counting,None,None,1,aljazeera
Sadiq Khan,2022-3-26,Sadiq Khan,None,None,1,aljazeera
Ineurearnnn,2022-3-26,Ineurearnnn,None,None,1,aljazeera
Pavlohrad,2022-3-21,Pavlohrad,None,None,1,aljazeera
Severodonetsk,2022-3-17,Severodonetsk,None,None,2,aljazeera
Volyn,2022-3-21,Volyn,None,None,1,aljazeera
Maurer,2022-3-21,Maurer,None,None,1,aljazeera
North Korea’S,2022-3-11,North Korea’S,None,None,2,aljazeera
Kremilin,2022-3-21,Kremilin,None,None,1,aljazeera
Ukraine?.|He,2022-3-21,Ukraine?.|He,None,None,1,aljazeera
Lysychansk,2022-3-29,Lysychansk,None,None,2,aljazeera
Kramatorsk,2022-3-17,Kramatorsk,None,None,2,aljazeera
Zakarpattya,2022-3-21,Zakarpattya,None,None,1,aljazeera
Chernivtsi,2022-3-17,Chernivtsi,None,None,3,cnn
Speedo,2022-3-21,Speedo,None,None,1,aljazeera
Novoselivka,2022-3-21,Novoselivka,None,None,1,aljazeera
South Africa,2022-3-05,South Africa,None,None,3,cnn
Oslo,2022-3-07,Oslo,None,None,1,aljazeera
Nebenzia,2022-3-04,Nebenzia,None,None,7,cnn
Iceland,2022-3-13,Iceland,None,None,3,cnn
Versailles,2022-3-10,Versailles,None,None,5,cnn
Madrid,2022-3-11,Madrid,None,None,3,cnn
Oligarchs Targeted,2022-3-09,Oligarchs Targeted,None,None,1,aljazeera
Mag Dpenstreetmap,2022-3-09,Mag Dpenstreetmap,None,None,1,aljazeera
Kaliningrad,2022-3-30,Kaliningrad,None,None,1,aljazeera
#Ukraine,2022-3-30,#Ukraine,None,None,1,aljazeera
Derhachi,2022-3-30,Derhachi,None,None,1,aljazeera
Is\Russia,2022-3-30,Is\Russia,None,None,1,aljazeera
Necessary,2022-3-30,Necessary,None,None,1,aljazeera
Abkhazia,2022-3-30,Abkhazia,None,None,1,aljazeera
Turke,2022-3-30,Turke,None,None,1,aljazeera
Vasylivka,2022-3-31,Vasylivka,None,None,2,cnn
Santiago,2022-3-05,Santiago,None,None,2,aljazeera
Chile,2022-3-06,Chile,None,None,3,cnn
Tajikistan,2022-3-08,Tajikistan,None,None,1,aljazeera
Lozova,2022-3-08,Lozova,None,None,1,aljazeera
Pokrovske,2022-3-08,Pokrovske,None,None,1,aljazeera
Izyum,2022-3-24,Izyum,None,None,4,cnn
Egypt,2022-3-13,Egypt,None,None,5,cnn
El-Sisi,2022-3-08,El-Sisi,None,None,1,aljazeera
Hague,2022-3-02,Hague,None,None,9,cnn
Rugsia,2022-3-08,Rugsia,None,None,1,aljazeera
Russian Federation:,2022-3-08,Russian Federation:,None,None,1,aljazeera
Rye,2022-3-08,Rye,None,None,1,aljazeera
Thailand,2022-3-02,Thailand,None,None,2,aljazeera
Bangkok,2022-3-08,Bangkok,None,None,1,aljazeera
Volnovakha,2022-3-05,Volnovakha,None,None,8,cnn
San Francisco,2022-3-09,San Francisco,None,None,2,cnn
Edmonton,2022-3-08,Edmonton,None,None,1,aljazeera
Nuland,2022-3-08,Nuland,None,None,2,cnn
Zelenska,2022-3-08,Zelenska,None,None,2,cnn
Okhtyrka,2022-3-08,Okhtyrka,None,None,4,cnn
Path,2022-3-08,Path,None,None,1,aljazeera
Wales,2022-3-08,Wales,None,None,1,aljazeera
Sri Lanka,2022-3-03,Sri Lanka,None,None,2,aljazeera
Signup,2022-3-01,Signup,None,None,1,aljazeera
States,2022-3-31,States,None,None,4,cnn
Usun.Usmission.Gov/Remarks-By-,2022-3-01,Usun.Usmission.Gov/Remarks-By-,None,None,1,aljazeera
New Delhi,2022-3-19,New Delhi,None,None,4,cnn
Echo,2022-3-01,Echo,None,None,1,aljazeera
Paralympic,2022-3-01,Paralympic,None,None,1,aljazeera
Dnieper River,2022-3-01,Dnieper River,None,None,1,aljazeera
Kamianets-Podilskyi,2022-3-01,Kamianets-Podilskyi,None,None,1,aljazeera
Habeck,2022-3-31,Habeck,None,None,5,cnn
Ule City S,2022-3-01,Ule City S,None,None,1,aljazeera
Riga,2022-3-13,Riga,None,None,2,cnn
Calais,2022-3-06,Calais,None,None,1,aljazeera
Missiles,2022-3-06,Missiles,None,None,1,aljazeera
Przemysl,2022-3-10,Przemysl,None,None,3,cnn
Honduras,2022-3-05,Honduras,None,None,2,aljazeera
Cross,2022-3-08,Cross,None,None,2,aljazeera
Jasionka,2022-3-25,Jasionka,None,None,2,cnn
Veliky Sambir,2022-3-24,Veliky Sambir,None,None,1,aljazeera
Autonomous Republic Of Crimea,2022-3-24,Autonomous Republic Of Crimea,None,None,1,aljazeera
Ukraine Has.No,2022-3-24,Ukraine Has.No,None,None,1,aljazeera
Panama,2022-3-16,Panama,None,None,2,aljazeera
Liberia,2022-3-24,Liberia,None,None,1,aljazeera
Report  Germany,2022-3-24,Report  Germany,None,None,1,aljazeera
Vyshhorod,2022-3-28,Vyshhorod,None,None,2,cnn
Shoigu Ona,2022-3-24,Shoigu Ona,None,None,1,aljazeera
Shoigu Speaking,2022-3-24,Shoigu Speaking,None,None,1,aljazeera
Levoberejny,2022-3-24,Levoberejny,None,None,1,aljazeera
Wilkinson,2022-3-24,Wilkinson,None,None,1,aljazeera
West Bank,2022-3-24,West Bank,None,None,1,aljazeera
Algeria,2022-3-04,Algeria,None,None,2,aljazeera
Libya,2022-3-04,Libya,None,None,6,cnn
Illichivsk,2022-3-23,Illichivsk,None,None,1,aljazeera
Empire Of Evil,2022-3-23,Empire Of Evil,None,None,1,aljazeera
Zmiinyi Island,2022-3-13,Zmiinyi Island,None,None,2,cnn
Izium,2022-3-11,Izium,None,None,5,cnn
Stream,2022-3-23,Stream,None,None,1,aljazeera
Chechen Republic,2022-3-23,Chechen Republic,None,None,1,aljazeera
Polina,2022-3-03,Polina,None,None,2,cnn
Ukraine.Has.No,2022-3-23,Ukraine.Has.No,None,None,1,aljazeera
Kotlyara,2022-3-23,Kotlyara,None,None,1,aljazeera
Trostianets,2022-3-23,Trostianets,None,None,1,aljazeera
Scotland,2022-3-08,Scotland,None,None,2,aljazeera
Bucha,2022-3-23,Bucha,None,None,1,aljazeera
Ukraine - 23,2022-3-23,Ukraine - 23,None,None,1,aljazeera
Avtovaz,2022-3-23,Avtovaz,None,None,1,aljazeera
United,2022-3-26,United,None,None,6,cnn
Kingdom,2022-3-07,Kingdom,None,None,2,aljazeera
Kharkiv City,2022-3-15,Kharkiv City,None,None,1,aljazeera
Karim Khan,2022-3-15,Karim Khan,None,None,1,aljazeera
Austria,2022-3-30,Austria,None,None,9,cnn
Sephardic,2022-3-15,Sephardic,None,None,1,aljazeera
Vienna,2022-3-04,Vienna,None,None,5,cnn
Dnipro,2022-3-28,Dnipro,None,None,2,cnn
Vinnytsia,2022-3-18,Vinnytsia,None,None,13,cnn
Tuzla,2022-3-15,Tuzla,None,None,1,aljazeera
4Th Russian,2022-3-15,4Th Russian,None,None,1,aljazeera
Uae,2022-3-20,Uae,None,None,6,aljazeera
Chornobyl,2022-3-04,Chornobyl,None,None,3,cnn
Cortina,2022-3-12,Cortina,None,None,1,aljazeera
Putin,2022-3-12,Putin,None,None,1,aljazeera
Brent Renaud,2022-3-12,Brent Renaud,None,None,1,aljazeera
Khan,2022-3-12,Khan,None,None,1,aljazeera
Emilia,2022-3-12,Emilia,None,None,1,aljazeera
Pescara,2022-3-12,Pescara,None,None,1,aljazeera
Vatican City,2022-3-05,Vatican City,None,None,4,aljazeera
Medyka,2022-3-29,Medyka,None,None,7,cnn
Pm @Naftalibennett,2022-3-12,Pm @Naftalibennett,None,None,1,aljazeera
Amsterdam,2022-3-14,Amsterdam,None,None,4,cnn
Russian Orthodox Church,2022-3-14,Russian Orthodox Church,None,None,2,cnn
Iraq,2022-3-17,Iraq,None,None,8,cnn
Yenin,2022-3-08,Yenin,None,None,2,cnn
Brovary,2022-3-19,Brovary,None,None,6,cnn
Athens,2022-3-13,Athens,None,None,1,aljazeera
Tel Aviv,2022-3-17,Tel Aviv,None,None,4,cnn
Vaessen,2022-3-11,Vaessen,None,None,2,aljazeera
Irpin City,2022-3-13,Irpin City,None,None,1,aljazeera
Yavoriv,2022-3-13,Yavoriv,None,None,1,aljazeera
Ramzan Kadyroy,2022-3-13,Ramzan Kadyroy,None,None,1,aljazeera
Ina,2022-3-13,Ina,None,None,1,aljazeera
Russian Federation’S,2022-3-13,Russian Federation’S,None,None,1,aljazeera
Kherson,2022-3-07,Kherson,None,None,2,cnn
Sap,2022-3-30,Sap,None,None,2,cnn
Ankara,2022-3-05,Ankara,None,None,8,cnn
Republics,2022-3-14,Republics,None,None,1,aljazeera
Armenia,2022-3-16,Armenia,None,None,5,cnn
Kyrgyzstan,2022-3-08,Kyrgyzstan,None,None,2,aljazeera
Transneft,2022-3-14,Transneft,None,None,1,aljazeera
Strasbourg,2022-3-05,Strasbourg,None,None,4,aljazeera
Paris,2022-3-29,Paris,None,None,20,cnn
Stoltenberg,2022-3-04,Stoltenberg,None,None,4,cnn
Ostankinsky,2022-3-14,Ostankinsky,None,None,1,aljazeera
Saudi Arabia,2022-3-03,Saudi Arabia,None,None,14,cnn
Jordan,2022-3-05,Jordan,None,None,3,cnn
Mallnow,2022-3-10,Mallnow,None,None,2,aljazeera
Mykolaiv City,2022-3-14,Mykolaiv City,None,None,1,aljazeera
Podilsk,2022-3-14,Podilsk,None,None,1,aljazeera
Ikraina,2022-3-14,Ikraina,None,None,1,aljazeera
Fontanna,2022-3-14,Fontanna,None,None,1,aljazeera
Port City,2022-3-14,Port City,None,None,1,aljazeera
New Zealand’S,2022-3-14,New Zealand’S,None,None,1,aljazeera
Obama,2022-3-25,Obama,None,None,2,cnn
Barcelona,2022-3-14,Barcelona,None,None,1,aljazeera
Venezuela,2022-3-03,Venezuela,None,None,6,cnn
Caracas,2022-3-08,Caracas,None,None,3,cnn
North Africa,2022-3-29,North Africa,None,None,4,aljazeera
Lebanon,2022-3-21,Lebanon,None,None,3,aljazeera
Dc,2022-3-20,Dc,None,None,19,cnn
Austin,2022-3-13,Austin,None,None,2,aljazeera
Pussia,2022-3-14,Pussia,None,None,1,aljazeera
United Arab Emirates,2022-3-02,United Arab Emirates,None,None,8,aljazeera
Interfax,2022-3-04,Interfax,None,None,8,aljazeera
Chubais,2022-3-22,Chubais,None,None,1,aljazeera
Auchan,2022-3-23,Auchan,None,None,2,cnn
United Kingdom’S,2022-3-03,United Kingdom’S,None,None,9,aljazeera
Wallace,2022-3-22,Wallace,None,None,1,aljazeera
Rusuan,2022-3-22,Rusuan,None,None,1,aljazeera
Tunang,2022-3-22,Tunang,None,None,1,aljazeera
Marian,2022-3-22,Marian,None,None,1,aljazeera
Pakistan,2022-3-01,Pakistan,None,None,2,aljazeera
Rubizhne,2022-3-20,Rubizhne,None,None,5,cnn
Hanoi,2022-3-22,Hanoi,None,None,1,aljazeera
Vietnam,2022-3-02,Vietnam,None,None,3,aljazeera
Livoberezhnyi,2022-3-29,Livoberezhnyi,None,None,2,aljazeera
Obolonskyi,2022-3-22,Obolonskyi,None,None,1,aljazeera
Holocaust,2022-3-22,Holocaust,None,None,1,aljazeera
Brazil,2022-3-04,Brazil,None,None,6,cnn
Moraes,2022-3-22,Moraes,None,None,1,aljazeera
Sao Paulo,2022-3-01,Sao Paulo,None,None,2,cnn
Yemen,2022-3-17,Yemen,None,None,16,cnn
Ecuador,2022-3-23,Ecuador,None,None,7,cnn
Belams,2022-3-25,Belams,None,None,1,aljazeera
Lviv City,2022-3-25,Lviv City,None,None,1,aljazeera
Kishida,2022-3-18,Kishida,None,None,2,aljazeera
Hiroshima,2022-3-04,Hiroshima,None,None,3,aljazeera
Doha,2022-3-27,Doha,None,None,5,cnn
Tokyo,2022-3-08,Tokyo,None,None,11,cnn
Tunisia,2022-3-20,Tunisia,None,None,12,aljazeera
Mexico,2022-3-02,Mexico,None,None,14,cnn
Sokolovska,2022-3-20,Sokolovska,None,None,1,fox
Nashville,2022-3-20,Nashville,None,None,1,fox
Lithium,2022-3-18,Lithium,None,None,1,fox
Chicago,2022-3-18,Chicago,None,None,2,cnn
Cocoa,2022-3-18,Cocoa,None,None,1,fox
Fla.,2022-3-18,Fla.,None,None,1,fox
Geneva,2022-3-28,Geneva,None,None,15,cnn
Rosenberg,2022-3-18,Rosenberg,None,None,2,cnn
U.S.S.R.,2022-3-18,U.S.S.R.,None,None,1,fox
Medyrka,2022-3-18,Medyrka,None,None,1,fox
Sievierodonetsk,2022-3-26,Sievierodonetsk,None,None,2,aljazeera
Vasyl Shtefko,2022-3-18,Vasyl Shtefko,None,None,1,fox
Kushnytsia,2022-3-18,Kushnytsia,None,None,1,fox
Transcarpathia,2022-3-18,Transcarpathia,None,None,1,fox
Krasnohorivka,2022-3-30,Krasnohorivka,None,None,2,cnn
Kryvyi Rih,2022-3-27,Kryvyi Rih,None,None,1,fox
Kryvyi Rih*,2022-3-27,Kryvyi Rih*,None,None,1,fox
Helsinki,2022-3-25,Helsinki,None,None,2,cnn
St. Petersburg,2022-3-05,St. Petersburg,None,None,7,cnn
Ireland,2022-3-29,Ireland,None,None,10,cnn
Dublin,2022-3-06,Dublin,None,None,2,aljazeera
Foxrock,2022-3-29,Foxrock,None,None,1,fox
Zhuraviyovka,2022-3-29,Zhuraviyovka,None,None,1,fox
Singapore,2022-3-04,Singapore,None,None,6,cnn
Chechen Republic Ramzan Kadyrov,2022-3-29,Chechen Republic Ramzan Kadyrov,None,None,1,fox
Snake Island,2022-3-13,Snake Island,None,None,2,cnn
Cherkasy,2022-3-11,Cherkasy,None,None,6,cnn
Hrybov,2022-3-29,Hrybov,None,None,2,aljazeera
Republic Of Korea,2022-3-29,Republic Of Korea,None,None,1,fox
New Zealand,2022-3-18,New Zealand,None,None,9,cnn
Connecticut,2022-3-12,Connecticut,None,None,3,cnn
Denmark,2022-3-13,Denmark,None,None,7,cnn
Trostyanets,2022-3-28,Trostyanets,None,None,2,cnn
Kiev,2022-3-20,Kiev,None,None,6,cnn
Mykolayiv,2022-3-03,Mykolayiv,None,None,5,aljazeera
G,2022-3-16,G,None,None,1,fox
Washington - Estonia,2022-3-16,Washington - Estonia,None,None,1,fox
Europe Ai,2022-3-16,Europe Ai,None,None,1,fox
A.M,2022-3-16,A.M,None,None,1,fox
Oksana,2022-3-27,Oksana,None,None,2,cnn
Jr.,2022-3-16,Jr.,None,None,1,fox
Civitan,2022-3-16,Civitan,None,None,1,fox
New Jersey,2022-3-03,New Jersey,None,None,3,cnn
Usa,2022-3-18,Usa,None,None,5,aljazeera
Brooke Cf],2022-3-28,Brooke Cf],None,None,1,fox
Manchester City,2022-3-28,Manchester City,None,None,1,fox
Porto,2022-3-28,Porto,None,None,1,fox
Serbia,2022-3-06,Serbia,None,None,3,cnn
Belgrade,2022-3-03,Belgrade,None,None,2,aljazeera
Warsé,2022-3-28,Warsé,None,None,1,fox
U.S.-Russia,2022-3-28,U.S.-Russia,None,None,1,fox
Telegram,2022-3-09,Telegram,None,None,2,cnn
Lukyanivka,2022-3-28,Lukyanivka,None,None,1,fox
South Korea,2022-3-02,South Korea,None,None,12,cnn
Odesa,2022-3-16,Odesa,None,None,6,cnn
Nazi Germany,2022-3-21,Nazi Germany,None,None,5,cnn
Slovak,2022-3-16,Slovak,None,None,3,cnn
Uzbekistan,2022-3-17,Uzbekistan,None,None,1,fox
Lithuania,2022-3-04,Lithuania,None,None,22,cnn
Eastern City,2022-3-24,Eastern City,None,None,2,cnn
East Village,2022-3-17,East Village,None,None,1,fox
Manhattan,2022-3-10,Manhattan,None,None,2,cnn
Antalya,2022-3-20,Antalya,None,None,10,cnn
Switzerland,2022-3-19,Switzerland,None,None,9,cnn
Czech Republic,,2022-3-17,Czech Republic,,None,None,1,fox
Luxembourg,2022-3-19,Luxembourg,None,None,4,cnn
Makariv,2022-3-07,Makariv,None,None,2,cnn
Texepanbunii,2022-3-19,Texepanbunii,None,None,1,fox
Kazakhstan,2022-3-30,Kazakhstan,None,None,7,cnn
Ukraine - 19,2022-3-19,Ukraine - 19,None,None,2,aljazeera
Li,2022-3-19,Li,None,None,1,fox
New York City,2022-3-02,New York City,None,None,10,cnn
Nar Stadium,2022-3-26,Nar Stadium,None,None,1,fox
Kuril Islands,2022-3-26,Kuril Islands,None,None,1,fox
Japan,2022-3-03,Japan,None,None,29,cnn
Qatar,2022-3-27,Qatar,None,None,22,cnn
Dnipropetrovsk,2022-3-22,Dnipropetrovsk,None,None,4,cnn
Ihiuiatus,2022-3-26,Ihiuiatus,None,None,1,fox
Makariy,2022-3-12,Makariy,None,None,3,cnn
Budapest,2022-3-01,Budapest,None,None,2,cnn
Hanucasia,2022-3-26,Hanucasia,None,None,1,fox
Menezota,2022-3-26,Menezota,None,None,1,fox
Fussia,2022-3-26,Fussia,None,None,1,fox
Nogpobuui,2022-3-26,Nogpobuui,None,None,1,fox
Buchenwald,2022-3-21,Buchenwald,None,None,2,cnn
Danielle Cf],2022-3-21,Danielle Cf],None,None,1,fox
Bussia,2022-3-21,Bussia,None,None,1,fox
#Peenemtinde,2022-3-20,#Peenemtinde,None,None,2,aljazeera
Dora,2022-3-21,Dora,None,None,3,cnn
Soviet Army,2022-3-21,Soviet Army,None,None,1,fox
Ashley Strohmier,2022-3-21,Ashley Strohmier,None,None,1,fox
Kyi,2022-3-18,Kyi,None,None,4,fox
Sumy,2022-3-10,Sumy,None,None,4,cnn
Podilskyi,2022-3-20,Podilskyi,None,None,4,cnn
Tekctobmi,2022-3-21,Tekctobmi,None,None,1,fox
United States’ Price,2022-3-31,United States’ Price,None,None,1,fox
United Kingdom Military,2022-3-31,United Kingdom Military,None,None,1,fox
Virginia,2022-3-18,Virginia,None,None,2,fox
Australia,2022-3-17,Australia,None,None,21,cnn
Ed City,2022-3-31,Ed City,None,None,1,fox
Morocco,2022-3-29,Morocco,None,None,8,cnn
Canberra,2022-3-17,Canberra,None,None,5,cnn
Istanbul,2022-3-27,Istanbul,None,None,16,cnn
Chernihiv,2022-3-03,Chernihiv,None,None,35,cnn
San  Ukraine,2022-3-31,San  Ukraine,None,None,1,fox
Orlove,2022-3-31,Orlove,None,None,1,fox
Switchblade,2022-3-30,Switchblade,None,None,3,cnn
United  States,2022-3-30,United  States,None,None,1,fox
Ivankiv,2022-3-30,Ivankiv,None,None,1,fox
Belgorod,2022-3-16,Belgorod,None,None,8,aljazeera
Vereshchuk,2022-3-05,Vereshchuk,None,None,7,cnn
Starokostiantyniv,2022-3-05,Starokostiantyniv,None,None,3,aljazeera
Khmelnytskyi,2022-3-11,Khmelnytskyi,None,None,4,cnn
Beijing,2022-3-04,Beijing,None,None,40,cnn
North Korea,2022-3-28,North Korea,None,None,9,cnn
Eritrea,2022-3-01,Eritrea,None,None,3,aljazeera
Prc,2022-3-18,Prc,None,None,5,cnn
Baulina,2022-3-23,Baulina,None,None,2,cnn
Russian Diplo  A,2022-3-24,Russian Diplo  A,None,None,1,fox
Tinkoff,2022-3-24,Tinkoff,None,None,1,fox
Texas,2022-3-04,Texas,None,None,8,cnn
St. Jude,2022-3-11,St. Jude,None,None,3,cnn
Memphis,2022-3-23,Memphis,None,None,1,fox
Bronx,2022-3-24,Bronx,None,None,2,fox
Maggi,2022-3-23,Maggi,None,None,1,fox
Bi,2022-3-23,Bi,None,None,1,fox
Mediazona,2022-3-23,Mediazona,None,None,1,fox
Shoigu,2022-3-28,Shoigu,None,None,5,aljazeera
Bloomberg,2022-3-23,Bloomberg,None,None,1,fox
Donbas,2022-3-05,Donbas,None,None,39,cnn
Maryland,2022-3-23,Maryland,None,None,1,fox
Ohio,2022-3-12,Ohio,None,None,2,cnn
Bali,2022-3-29,Bali,None,None,3,aljazeera
Jakarta,2022-3-24,Jakarta,None,None,4,cnn
Ussr,2022-3-28,Ussr,None,None,3,cnn
Latvia,2022-3-04,Latvia,None,None,18,cnn
Blinken,2022-3-08,Blinken,None,None,2,cnn
@P_Fiala,2022-3-15,@P_Fiala,None,None,1,fox
Canada,2022-3-02,Canada,None,None,32,cnn
Ottawa,2022-3-17,Ottawa,None,None,6,aljazeera
Oleksandra,2022-3-06,Oleksandra,None,None,4,cnn
Taipel,2022-3-12,Taipel,None,None,2,cnn
Belgium,2022-3-20,Belgium,None,None,21,cnn
Netherlands,2022-3-02,Netherlands,None,None,21,cnn
Norway,2022-3-18,Norway,None,None,14,cnn
Portugal,2022-3-27,Portugal,None,None,11,cnn
Spain,2022-3-27,Spain,None,None,12,cnn
Slovenia,2022-3-15,Slovenia,None,None,9,cnn
Sweden,2022-3-02,Sweden,None,None,18,cnn
Finland,2022-3-04,Finland,None,None,15,cnn
Siret,2022-3-15,Siret,None,None,1,fox
G7,2022-3-11,G7,None,None,26,cnn
Czech Republic,2022-3-29,Czech Republic,None,None,20,cnn
Kentucky,2022-3-02,Kentucky,None,None,4,cnn
Rivne,2022-3-29,Rivne,None,None,11,cnn
Ukrain,2022-3-21,Ukrain,None,None,4,cnn
England - March,2022-3-15,England - March,None,None,1,fox
England,2022-3-04,England,None,None,7,cnn
Melitopol,2022-3-18,Melitopol,None,None,16,cnn
Grossi,2022-3-03,Grossi,None,None,4,aljazeera
Energoatom,2022-3-03,Energoatom,None,None,10,cnn
Petro Kotin,2022-3-12,Petro Kotin,None,None,1,fox
Kotin,2022-3-04,Kotin,None,None,4,cnn
Calif.,2022-3-12,Calif.,None,None,1,fox
France,2022-3-04,France,None,None,57,cnn
Tennessee,2022-3-22,Tennessee,None,None,4,aljazeera
Krakow,2022-3-12,Krakow,None,None,1,fox
New York,2022-3-04,New York,None,None,23,cnn
Kopugopy Ana,2022-3-12,Kopugopy Ana,None,None,1,fox
Romania,2022-3-03,Romania,None,None,37,cnn
Roxolana,2022-3-11,Roxolana,None,None,2,aljazeera
Hungary,2022-3-04,Hungary,None,None,37,cnn
Moldova,2022-3-04,Moldova,None,None,22,cnn
Guatemala,2022-3-11,Guatemala,None,None,2,aljazeera
Mykolaiv,2022-3-11,Mykolaiv,None,None,7,cnn
Jerusalem,2022-3-05,Jerusalem,None,None,10,cnn
Yekaterinburg,2022-3-13,Yekaterinburg,None,None,1,fox
Berlin,2022-3-04,Berlin,None,None,30,cnn
Taipei,2022-3-15,Taipei,None,None,2,fox
Taiwan,2022-3-18,Taiwan,None,None,17,cnn
Crimea,2022-3-20,Crimea,None,None,20,cnn
Lugansk,2022-3-13,Lugansk,None,None,1,fox
Donetsk Oblast,2022-3-19,Donetsk Oblast,None,None,2,aljazeera
Voznesensk,2022-3-09,Voznesensk,None,None,2,cnn
Arkansas,2022-3-08,Arkansas,None,None,3,cnn
Little Rock,2022-3-13,Little Rock,None,None,2,cnn
Rada,2022-3-13,Rada,None,None,1,fox
Philippines,2022-3-02,Philippines,None,None,2,aljazeera
Manila,2022-3-13,Manila,None,None,1,fox
Aun,2022-3-13,Aun,None,None,1,fox
Lviv Oblast,2022-3-13,Lviv Oblast,None,None,1,fox
Britain,2022-3-05,Britain,None,None,30,cnn
Indiana,2022-3-02,Indiana,None,None,4,cnn
Zaporizhzhia,2022-3-03,Zaporizhzhia,None,None,15,cnn
Rosatom,2022-3-31,Rosatom,None,None,4,cnn
> Lviv,2022-3-13,> Lviv,None,None,1,fox
Wisconsin,2022-3-17,Wisconsin,None,None,4,cnn
Calicchio,2022-3-13,Calicchio,None,None,1,fox
Estonia,2022-3-04,Estonia,None,None,22,cnn
Tyler Cf],2022-3-14,Tyler Cf],None,None,1,fox
India,2022-3-10,India,None,None,19,cnn
U.K.,2022-3-28,U.K.,None,None,9,aljazeera
Greece,2022-3-16,Greece,None,None,12,cnn
Slovakia,2022-3-04,Slovakia,None,None,25,cnn
Mariupol,2022-3-29,Mariupol,None,None,10,cnn
Bipartisan,2022-3-05,Bipartisan,None,None,2,cnn
Kharkiv,2022-3-02,Kharkiv,None,None,14,cnn
Ammarinam,2022-3-14,Ammarinam,None,None,1,fox
London,2022-3-04,London,None,None,45,cnn
Marin,2022-3-16,Marin,None,None,2,cnn
Grozny,2022-3-14,Grozny,None,None,1,fox
Chechnya,2022-3-05,Chechnya,None,None,12,cnn
Hostomel,2022-3-10,Hostomel,None,None,2,cnn
U.S,2022-3-18,U.S,None,None,6,aljazeera
Miami,2022-3-14,Miami,None,None,1,fox
Israel,2022-3-05,Israel,None,None,23,cnn
Soviet Union,2022-3-03,Soviet Union,None,None,18,cnn
Credibull,2022-3-18,Credibull,None,None,3,fox
California,2022-3-04,California,None,None,10,cnn
Washington D.C.,2022-3-14,Washington D.C.,None,None,1,fox
Irpin,2022-3-04,Irpin,None,None,30,cnn
Chernobyl,2022-3-03,Chernobyl,None,None,46,cnn
Superyacht,2022-3-22,Superyacht,None,None,1,fox
/News,2022-3-22,/News,None,None,1,fox
Germany,2022-3-03,Germany,None,None,64,cnn
Kyiv,2022-3-03,Kyiv,None,None,51,cnn
Sofia,2022-3-20,Sofia,None,None,5,cnn
Bulgaria,2022-3-20,Bulgaria,None,None,24,cnn
China,2022-3-04,China,None,None,71,cnn
Russian Federation,2022-3-03,Russian Federation,None,None,53,cnn
Iran,2022-3-05,Iran,None,None,19,cnn
Florida,2022-3-17,Florida,None,None,8,cnn
Tampa,2022-3-22,Tampa,None,None,1,fox
Afghanistan,2022-3-17,Afghanistan,None,None,10,cnn
United Kingdom,2022-3-03,United Kingdom,None,None,67,cnn
Dp,2022-3-22,Dp,None,None,1,fox
Rome,2022-3-17,Rome,None,None,12,cnn
Italy,2022-3-11,Italy,None,None,29,cnn
Genoa,2022-3-22,Genoa,None,None,1,fox
Kviv,2022-3-22,Kviv,None,None,3,cnn
Zhytomyr,2022-3-27,Zhytomyr,None,None,21,cnn
Hapoaom,2022-3-22,Hapoaom,None,None,1,fox
Hannity,2022-3-15,Hannity,None,None,2,fox
Pammiecinmar,2022-3-22,Pammiecinmar,None,None,1,fox
Moscow,2022-3-03,Moscow,None,None,81,cnn
Ursula,2022-3-26,Ursula,None,None,5,cnn
Leyen,2022-3-04,Leyen,None,None,8,cnn
Brussels,2022-3-04,Brussels,None,None,49,cnn
U.S.,2022-3-03,U.S.,None,None,40,cnn
Minnesota,2022-3-17,Minnesota,None,None,8,cnn
Russia,2022-3-03,Russia,None,None,86,cnn
Tyler,2022-3-25,Tyler,None,None,1,fox
Rusia,2022-3-25,Rusia,None,None,1,fox
Washington,2022-3-04,Washington,None,None,55,cnn
Us,2022-3-03,Us,None,None,105,cnn
Georgia,2022-3-03,Georgia,None,None,20,cnn
Nobigomub,2022-3-26,Nobigomub,None,None,2,fox
Donetsk,2022-3-21,Donetsk,None,None,19,cnn
Ukraine,2022-3-03,Ukraine,None,None,137,cnn
Luhansk,2022-3-05,Luhansk,None,None,49,cnn
Poland,2022-3-03,Poland,None,None,80,cnn
Syria,2022-3-03,Syria,None,None,34,cnn
Turkey,2022-3-05,Turkey,None,None,55,cnn
Berdyansk,2022-3-20,Berdyansk,None,None,14,cnn
Snake,2022-3-25,Snake,None,None,1,fox
Rzeszow,2022-3-05,Rzeszow,None,None,5,cnn
Phoenix,2022-3-24,Phoenix,None,None,2,aljazeera
United States,2022-3-03,United States,None,None,143,cnn
Belarus,2022-3-03,Belarus,None,None,55,cnn
Indonesia,2022-3-24,Indonesia,None,None,8,cnn
Uk,2022-3-03,Uk,None,None,67,cnn
Lviv,2022-3-02,Lviv,None,None,60,cnn
America,2022-3-03,America,None,None,24,cnn
Los Angeles,2022-3-25,Los Angeles,None,None,3,cnn
Warsaw,2022-3-04,Warsaw,None,None,44,cnn
